{
    "version": "5.6.0",
    "require": {
        "php": "PHP",
        "webonyx/graphql-php": "`webonyx/graphql-php`"
    },
    "requirements": {
        "HEAD": {
            "php": [
                "^8.3",
                "^8.2",
                "^8.1"
            ],
            "webonyx/graphql-php": [
                "^15.4.0"
            ]
        },
        "5.6.0": {
            "php": [
                "^8.3",
                "^8.2",
                "^8.1"
            ],
            "webonyx/graphql-php": [
                "^15.4.0"
            ]
        },
        "5.5.0": {
            "php": [
                "^8.3",
                "^8.2",
                "^8.1"
            ],
            "webonyx/graphql-php": [
                "^15.4.0"
            ]
        },
        "5.4.0": {
            "php": [
                "^8.3",
                "^8.2",
                "^8.1"
            ],
            "webonyx/graphql-php": [
                "^15.4.0"
            ]
        },
        "5.3.1": {
            "php": [
                "^8.3",
                "^8.2",
                "^8.1"
            ],
            "webonyx/graphql-php": [
                "^15.4.0"
            ]
        },
        "5.3.0": {
            "php": [
                "^8.3",
                "^8.2",
                "^8.1"
            ],
            "webonyx/graphql-php": [
                "^15.4.0"
            ]
        },
        "5.2.0": {
            "php": [
                "^8.3",
                "^8.2",
                "^8.1"
            ],
            "webonyx/graphql-php": [
                "^15.4.0"
            ]
        },
        "5.1.0": {
            "php": [
                "^8.3",
                "^8.2",
                "^8.1"
            ],
            "webonyx/graphql-php": [
                "^15.4.0"
            ]
        },
        "5.0.0": {
            "php": [
                "^8.3",
                "^8.2",
                "^8.1"
            ],
            "webonyx/graphql-php": [
                "^15.4.0"
            ]
        },
        "5.0.0-beta.1": {
            "php": [
                "^8.2",
                "^8.1"
            ],
            "webonyx/graphql-php": [
                "^15.4.0"
            ]
        },
        "5.0.0-beta.0": {
            "php": [
                "^8.2",
                "^8.1"
            ],
            "webonyx/graphql-php": [
                "^15.4.0"
            ]
        },
        "4.6.0": {
            "php": [
                "^8.2",
                "^8.1",
                "^8.0"
            ],
            "webonyx/graphql-php": [
                "^15.4.0"
            ]
        },
        "4.5.2": {
            "php": [
                "^8.2",
                "^8.1",
                "^8.0"
            ],
            "webonyx/graphql-php": [
                "^15.4.0"
            ]
        },
        "4.5.1": {
            "php": [
                "^8.2",
                "^8.1",
                "^8.0"
            ],
            "webonyx/graphql-php": [
                "^15.4.0"
            ]
        },
        "4.5.0": {
            "php": [
                "^8.2",
                "^8.1",
                "^8.0"
            ],
            "webonyx/graphql-php": [
                "^15.4.0"
            ]
        },
        "4.4.0": {
            "php": [
                "^8.2",
                "^8.1",
                "^8.0"
            ],
            "webonyx/graphql-php": [
                "^15.4.0"
            ]
        },
        "4.3.0": {
            "php": [
                "^8.2",
                "^8.1",
                "^8.0"
            ],
            "webonyx/graphql-php": [
                "^15.4.0"
            ]
        },
        "4.2.1": {
            "php": [
                "^8.2",
                "^8.1",
                "^8.0"
            ],
            "webonyx/graphql-php": [
                "^15.4.0"
            ]
        },
        "4.2.0": {
            "php": [
                "^8.2",
                "^8.1",
                "^8.0"
            ],
            "webonyx/graphql-php": [
                "^15.2.4"
            ]
        },
        "4.1.0": {
            "php": [
                "^8.2",
                "^8.1",
                "^8.0"
            ],
            "webonyx/graphql-php": [
                "^15.2.4"
            ]
        },
        "4.0.0": {
            "php": [
                "^8.2",
                "^8.1",
                "^8.0"
            ],
            "webonyx/graphql-php": [
                "^15.2.4"
            ]
        },
        "3.0.0": {
            "php": [
                "^8.2",
                "^8.1",
                "^8.0"
            ],
            "webonyx/graphql-php": [
                "^14.11.9"
            ]
        }
    }
}
