{
	"name": "StubComposerName",
	"description": "",
	"type": "library",
	"version": "1.0",
	"license": "proprietary",
	"require": {},
	"autoload": {
		"classmap": [
			"database/seeds",
			"database/factories"
		],
		"psr-4": {
			"StubModuleNamespace\\StubClassNamePrefix\\": "src/",
			"StubModuleNamespace\\StubClassNamePrefix\\Tests\\": "tests/"
		}
	},
	"minimum-stability": "stable",
	"extra": {
		"laravel": {
			"providers": [
				"StubModuleNamespace\\StubClassNamePrefix\\Providers\\StubClassNamePrefixServiceProvider"
			]
		}
	}
}
