{
    "version": "5.6.0",
    "require": [],
    "requirements": {
        "HEAD": {
            "laravel/framework": [
                "^10.0.0",
                "^9.21.0"
            ],
            "php": [
                "^8.3",
                "^8.2",
                "^8.1"
            ]
        },
        "5.6.0": {
            "laravel/framework": [
                "^10.0.0",
                "^9.21.0"
            ],
            "php": [
                "^8.3",
                "^8.2",
                "^8.1"
            ]
        },
        "5.5.0": {
            "laravel/framework": [
                "^10.0.0",
                "^9.21.0"
            ],
            "php": [
                "^8.3",
                "^8.2",
                "^8.1"
            ]
        },
        "5.4.0": {
            "laravel/framework": [
                "^10.0.0",
                "^9.21.0"
            ],
            "php": [
                "^8.3",
                "^8.2",
                "^8.1"
            ]
        },
        "5.3.1": {
            "laravel/framework": [
                "^10.0.0",
                "^9.21.0"
            ],
            "php": [
                "^8.3",
                "^8.2",
                "^8.1"
            ]
        },
        "5.3.0": {
            "laravel/framework": [
                "^10.0.0",
                "^9.21.0"
            ],
            "php": [
                "^8.3",
                "^8.2",
                "^8.1"
            ]
        },
        "5.2.0": {
            "laravel/framework": [
                "^10.0.0",
                "^9.21.0"
            ],
            "php": [
                "^8.3",
                "^8.2",
                "^8.1"
            ]
        },
        "5.1.0": {
            "laravel/framework": [
                "^10.0.0",
                "^9.21.0"
            ],
            "php": [
                "^8.3",
                "^8.2",
                "^8.1"
            ]
        },
        "5.0.0": {
            "laravel/framework": [
                "^10.0.0",
                "^9.21.0"
            ],
            "php": [
                "^8.3",
                "^8.2",
                "^8.1"
            ]
        },
        "5.0.0-beta.1": {
            "laravel/framework": [
                "^10.0.0",
                "^9.21.0"
            ],
            "php": [
                "^8.2",
                "^8.1"
            ]
        },
        "5.0.0-beta.0": {
            "laravel/framework": [
                "^10.0.0",
                "^9.0.0"
            ],
            "php": [
                "^8.2",
                "^8.1"
            ]
        }
    }
}
